<?xml version="1.0" encoding="UTF-8"?>
<skanningmetadata>
    <journalpost>
        <journalpostId>217609780</journalpostId>
        <mottakskanal>SKAN_NETS</mottakskanal>
        <datoMottatt>2019-10-31</datoMottatt>
        <batchNavn>SKAN_NETS.zip</batchNavn>
        <filNavn>1408-000.pdf</filNavn>
        <endorsernr>3110190003NAV743506</endorsernr>
    </journalpost>
     <skanningInfo>
          <fysiskPostboks>1400</fysiskPostboks>
          <strekkodePostboks>1400</strekkodePostboks>
     </skanningInfo>
</skanningmetadata>